[{"model": "admin.logentry", "pk": 1, "fields": {"action_time": "2022-06-20T18:17:37.427Z", "user": 2, "content_type": 6, "object_id": "2", "object_repr": "dimon@i.ua", "action_flag": 2, "change_message": "[{\"changed\": {\"fields\": [\"Email\"]}}]"}}, {"model": "admin.logentry", "pk": 2, "fields": {"action_time": "2022-06-20T18:45:52.684Z", "user": 2, "content_type": 7, "object_id": "1", "object_repr": "Good object (1)", "action_flag": 1, "change_message": "[{\"added\": {}}]"}}, {"model": "admin.logentry", "pk": 3, "fields": {"action_time": "2022-06-20T19:08:51.239Z", "user": 2, "content_type": 7, "object_id": "2", "object_repr": "Good object (2)", "action_flag": 1, "change_message": "[{\"added\": {}}]"}}, {"model": "admin.logentry", "pk": 4, "fields": {"action_time": "2022-06-20T19:09:16.404Z", "user": 2, "content_type": 7, "object_id": "2", "object_repr": "Good object (2)", "action_flag": 2, "change_message": "[{\"changed\": {\"fields\": [\"Quantity\"]}}]"}}, {"model": "admin.logentry", "pk": 5, "fields": {"action_time": "2022-06-20T19:09:30.926Z", "user": 2, "content_type": 7, "object_id": "2", "object_repr": "Good object (2)", "action_flag": 2, "change_message": "[{\"changed\": {\"fields\": [\"Quantity\"]}}]"}}, {"model": "admin.logentry", "pk": 6, "fields": {"action_time": "2022-06-20T19:20:18.637Z", "user": 2, "content_type": 7, "object_id": "3", "object_repr": "Crisps Pringles", "action_flag": 1, "change_message": "[{\"added\": {}}]"}}, {"model": "admin.logentry", "pk": 7, "fields": {"action_time": "2022-06-20T19:22:44.948Z", "user": 2, "content_type": 7, "object_id": "1", "object_repr": "Milk 3.5% 1l", "action_flag": 2, "change_message": "[{\"changed\": {\"fields\": [\"Title\", \"Description\", \"Price\"]}}]"}}, {"model": "admin.logentry", "pk": 8, "fields": {"action_time": "2022-06-20T19:24:30.229Z", "user": 2, "content_type": 8, "object_id": "1", "object_repr": "Purchase object (1)", "action_flag": 1, "change_message": "[{\"added\": {}}]"}}, {"model": "admin.logentry", "pk": 9, "fields": {"action_time": "2022-06-20T19:30:08.553Z", "user": 2, "content_type": 7, "object_id": "4", "object_repr": "Fizzy water 1.5l", "action_flag": 1, "change_message": "[{\"added\": {}}]"}}, {"model": "admin.logentry", "pk": 10, "fields": {"action_time": "2022-06-21T05:46:33.379Z", "user": 2, "content_type": 7, "object_id": "5", "object_repr": "Fizzy water 0.5l", "action_flag": 1, "change_message": "[{\"added\": {}}]"}}, {"model": "admin.logentry", "pk": 11, "fields": {"action_time": "2022-06-21T07:36:25.185Z", "user": 2, "content_type": 7, "object_id": "6", "object_repr": "Tuna 300g", "action_flag": 1, "change_message": "[{\"added\": {}}]"}}, {"model": "admin.logentry", "pk": 12, "fields": {"action_time": "2022-06-21T12:52:41.118Z", "user": 2, "content_type": 6, "object_id": "2", "object_repr": "dimon@i.ua", "action_flag": 2, "change_message": "[{\"changed\": {\"fields\": [\"Wallet\"]}}]"}}, {"model": "admin.logentry", "pk": 13, "fields": {"action_time": "2022-06-21T13:42:06.712Z", "user": 2, "content_type": 8, "object_id": "17", "object_repr": "2022-06-21 13:04:31.976555+00:00 dimon@i.ua: 8 USD", "action_flag": 3, "change_message": ""}}, {"model": "admin.logentry", "pk": 14, "fields": {"action_time": "2022-06-21T13:42:06.733Z", "user": 2, "content_type": 8, "object_id": "16", "object_repr": "2022-06-21 12:59:49.986262+00:00 dimon@i.ua: 8 USD", "action_flag": 3, "change_message": ""}}, {"model": "admin.logentry", "pk": 15, "fields": {"action_time": "2022-06-21T13:42:06.755Z", "user": 2, "content_type": 8, "object_id": "15", "object_repr": "2022-06-21 12:58:43.753872+00:00 dimon@i.ua: 8 USD", "action_flag": 3, "change_message": ""}}, {"model": "admin.logentry", "pk": 16, "fields": {"action_time": "2022-06-21T13:42:06.767Z", "user": 2, "content_type": 8, "object_id": "14", "object_repr": "2022-06-21 12:58:41.952854+00:00 dimon@i.ua: 8 USD", "action_flag": 3, "change_message": ""}}, {"model": "admin.logentry", "pk": 17, "fields": {"action_time": "2022-06-21T13:42:06.777Z", "user": 2, "content_type": 8, "object_id": "13", "object_repr": "2022-06-21 12:58:37.057967+00:00 dimon@i.ua: 8 USD", "action_flag": 3, "change_message": ""}}, {"model": "admin.logentry", "pk": 18, "fields": {"action_time": "2022-06-21T13:42:06.789Z", "user": 2, "content_type": 8, "object_id": "12", "object_repr": "2022-06-21 12:56:17.424786+00:00 dimon@i.ua: 8 USD", "action_flag": 3, "change_message": ""}}, {"model": "admin.logentry", "pk": 19, "fields": {"action_time": "2022-06-21T13:42:06.800Z", "user": 2, "content_type": 8, "object_id": "11", "object_repr": "2022-06-21 12:54:51.385296+00:00 dimon@i.ua: 6 USD", "action_flag": 3, "change_message": ""}}, {"model": "admin.logentry", "pk": 20, "fields": {"action_time": "2022-06-21T13:42:06.811Z", "user": 2, "content_type": 8, "object_id": "10", "object_repr": "2022-06-21 12:53:06.709080+00:00 dimon@i.ua: 8 USD", "action_flag": 3, "change_message": ""}}, {"model": "admin.logentry", "pk": 21, "fields": {"action_time": "2022-06-21T13:42:06.822Z", "user": 2, "content_type": 8, "object_id": "9", "object_repr": "2022-06-21 12:53:04.091997+00:00 dimon@i.ua: 8 USD", "action_flag": 3, "change_message": ""}}, {"model": "admin.logentry", "pk": 22, "fields": {"action_time": "2022-06-21T13:42:06.834Z", "user": 2, "content_type": 8, "object_id": "8", "object_repr": "2022-06-21 12:52:53.692257+00:00 dimon@i.ua: 8 USD", "action_flag": 3, "change_message": ""}}, {"model": "admin.logentry", "pk": 23, "fields": {"action_time": "2022-06-21T13:42:06.861Z", "user": 2, "content_type": 8, "object_id": "7", "object_repr": "2022-06-21 12:51:26.857787+00:00 dimon@i.ua: 3 USD", "action_flag": 3, "change_message": ""}}, {"model": "admin.logentry", "pk": 24, "fields": {"action_time": "2022-06-21T13:42:06.877Z", "user": 2, "content_type": 8, "object_id": "6", "object_repr": "2022-06-21 12:48:56.490865+00:00 dimon@i.ua: 8 USD", "action_flag": 3, "change_message": ""}}, {"model": "admin.logentry", "pk": 25, "fields": {"action_time": "2022-06-21T13:42:06.888Z", "user": 2, "content_type": 8, "object_id": "5", "object_repr": "2022-06-21 12:48:24.624590+00:00 dimon@i.ua: 8 USD", "action_flag": 3, "change_message": ""}}, {"model": "admin.logentry", "pk": 26, "fields": {"action_time": "2022-06-21T13:42:06.899Z", "user": 2, "content_type": 8, "object_id": "4", "object_repr": "2022-06-21 12:47:38.926425+00:00 dimon@i.ua: 6 USD", "action_flag": 3, "change_message": ""}}, {"model": "admin.logentry", "pk": 27, "fields": {"action_time": "2022-06-21T13:42:06.910Z", "user": 2, "content_type": 8, "object_id": "3", "object_repr": "2022-06-21 12:44:11.962343+00:00 dimon@i.ua: 6 USD", "action_flag": 3, "change_message": ""}}, {"model": "admin.logentry", "pk": 28, "fields": {"action_time": "2022-06-21T13:42:06.935Z", "user": 2, "content_type": 8, "object_id": "2", "object_repr": "2022-06-21 12:16:30.136854+00:00 dimon@i.ua: 6 USD", "action_flag": 3, "change_message": ""}}, {"model": "admin.logentry", "pk": 29, "fields": {"action_time": "2022-06-21T13:42:06.955Z", "user": 2, "content_type": 8, "object_id": "1", "object_repr": "2022-06-20 19:24:30.228420+00:00 dimon@i.ua: 24 USD", "action_flag": 3, "change_message": ""}}, {"model": "admin.logentry", "pk": 30, "fields": {"action_time": "2022-06-21T13:42:13.318Z", "user": 2, "content_type": 8, "object_id": "18", "object_repr": "2022-06-21 13:12:01.912241+00:00 dimon@i.ua: 3 USD", "action_flag": 3, "change_message": ""}}, {"model": "admin.logentry", "pk": 31, "fields": {"action_time": "2022-06-21T13:46:36.950Z", "user": 2, "content_type": 6, "object_id": "2", "object_repr": "dimon@i.ua", "action_flag": 2, "change_message": "[{\"changed\": {\"fields\": [\"Wallet\"]}}]"}}, {"model": "admin.logentry", "pk": 32, "fields": {"action_time": "2022-06-21T13:54:14.370Z", "user": 2, "content_type": 6, "object_id": "2", "object_repr": "dimon@i.ua", "action_flag": 2, "change_message": "[{\"changed\": {\"fields\": [\"Wallet\"]}}]"}}, {"model": "admin.logentry", "pk": 33, "fields": {"action_time": "2022-06-21T15:11:10.234Z", "user": 2, "content_type": 6, "object_id": "2", "object_repr": "dimon@i.ua", "action_flag": 2, "change_message": "[]"}}, {"model": "admin.logentry", "pk": 34, "fields": {"action_time": "2022-06-21T15:20:10.369Z", "user": 2, "content_type": 7, "object_id": "1", "object_repr": "8 - Milk 3.5% 1l", "action_flag": 2, "change_message": "[{\"changed\": {\"fields\": [\"In stock\"]}}]"}}, {"model": "admin.logentry", "pk": 35, "fields": {"action_time": "2022-06-21T15:20:18.930Z", "user": 2, "content_type": 7, "object_id": "2", "object_repr": "16 - Beer BUDWISER 0.6l", "action_flag": 2, "change_message": "[{\"changed\": {\"fields\": [\"In stock\"]}}]"}}, {"model": "admin.logentry", "pk": 36, "fields": {"action_time": "2022-06-21T16:07:24.318Z", "user": 2, "content_type": 6, "object_id": "2", "object_repr": "dimon@i.ua", "action_flag": 2, "change_message": "[{\"changed\": {\"fields\": [\"Wallet\"]}}]"}}, {"model": "admin.logentry", "pk": 37, "fields": {"action_time": "2022-06-21T18:11:50.027Z", "user": 2, "content_type": 7, "object_id": "6", "object_repr": "100 - Tuna 300g", "action_flag": 2, "change_message": "[{\"changed\": {\"fields\": [\"In stock\"]}}]"}}, {"model": "admin.logentry", "pk": 38, "fields": {"action_time": "2022-06-21T18:11:55.342Z", "user": 2, "content_type": 7, "object_id": "1", "object_repr": "30 - Milk 3.5% 1l", "action_flag": 2, "change_message": "[{\"changed\": {\"fields\": [\"In stock\"]}}]"}}, {"model": "admin.logentry", "pk": 39, "fields": {"action_time": "2022-06-21T18:12:01.329Z", "user": 2, "content_type": 7, "object_id": "5", "object_repr": "20 - Fizzy water 0.5l", "action_flag": 2, "change_message": "[{\"changed\": {\"fields\": [\"In stock\"]}}]"}}, {"model": "admin.logentry", "pk": 40, "fields": {"action_time": "2022-06-21T18:12:06.240Z", "user": 2, "content_type": 7, "object_id": "3", "object_repr": "50 - Crisps Pringles", "action_flag": 2, "change_message": "[{\"changed\": {\"fields\": [\"In stock\"]}}]"}}, {"model": "admin.logentry", "pk": 41, "fields": {"action_time": "2022-06-22T12:08:43.212Z", "user": 2, "content_type": 6, "object_id": "3", "object_repr": "dimon2@i.ua", "action_flag": 1, "change_message": "[{\"added\": {}}]"}}, {"model": "admin.logentry", "pk": 42, "fields": {"action_time": "2022-06-23T17:35:21.620Z", "user": 2, "content_type": 7, "object_id": "8", "object_repr": "8 - Olive oil 2l", "action_flag": 2, "change_message": "[{\"changed\": {\"fields\": [\"Image\"]}}]"}}, {"model": "admin.logentry", "pk": 43, "fields": {"action_time": "2022-06-23T18:10:35.440Z", "user": 2, "content_type": 7, "object_id": "8", "object_repr": "8 - Olive oil 2l", "action_flag": 2, "change_message": "[{\"changed\": {\"fields\": [\"Image\"]}}]"}}, {"model": "auth.permission", "pk": 1, "fields": {"name": "Can add log entry", "content_type": 1, "codename": "add_logentry"}}, {"model": "auth.permission", "pk": 2, "fields": {"name": "Can change log entry", "content_type": 1, "codename": "change_logentry"}}, {"model": "auth.permission", "pk": 3, "fields": {"name": "Can delete log entry", "content_type": 1, "codename": "delete_logentry"}}, {"model": "auth.permission", "pk": 4, "fields": {"name": "Can view log entry", "content_type": 1, "codename": "view_logentry"}}, {"model": "auth.permission", "pk": 5, "fields": {"name": "Can add permission", "content_type": 2, "codename": "add_permission"}}, {"model": "auth.permission", "pk": 6, "fields": {"name": "Can change permission", "content_type": 2, "codename": "change_permission"}}, {"model": "auth.permission", "pk": 7, "fields": {"name": "Can delete permission", "content_type": 2, "codename": "delete_permission"}}, {"model": "auth.permission", "pk": 8, "fields": {"name": "Can view permission", "content_type": 2, "codename": "view_permission"}}, {"model": "auth.permission", "pk": 9, "fields": {"name": "Can add group", "content_type": 3, "codename": "add_group"}}, {"model": "auth.permission", "pk": 10, "fields": {"name": "Can change group", "content_type": 3, "codename": "change_group"}}, {"model": "auth.permission", "pk": 11, "fields": {"name": "Can delete group", "content_type": 3, "codename": "delete_group"}}, {"model": "auth.permission", "pk": 12, "fields": {"name": "Can view group", "content_type": 3, "codename": "view_group"}}, {"model": "auth.permission", "pk": 13, "fields": {"name": "Can add content type", "content_type": 4, "codename": "add_contenttype"}}, {"model": "auth.permission", "pk": 14, "fields": {"name": "Can change content type", "content_type": 4, "codename": "change_contenttype"}}, {"model": "auth.permission", "pk": 15, "fields": {"name": "Can delete content type", "content_type": 4, "codename": "delete_contenttype"}}, {"model": "auth.permission", "pk": 16, "fields": {"name": "Can view content type", "content_type": 4, "codename": "view_contenttype"}}, {"model": "auth.permission", "pk": 17, "fields": {"name": "Can add session", "content_type": 5, "codename": "add_session"}}, {"model": "auth.permission", "pk": 18, "fields": {"name": "Can change session", "content_type": 5, "codename": "change_session"}}, {"model": "auth.permission", "pk": 19, "fields": {"name": "Can delete session", "content_type": 5, "codename": "delete_session"}}, {"model": "auth.permission", "pk": 20, "fields": {"name": "Can view session", "content_type": 5, "codename": "view_session"}}, {"model": "auth.permission", "pk": 21, "fields": {"name": "Can add user", "content_type": 6, "codename": "add_shopuser"}}, {"model": "auth.permission", "pk": 22, "fields": {"name": "Can change user", "content_type": 6, "codename": "change_shopuser"}}, {"model": "auth.permission", "pk": 23, "fields": {"name": "Can delete user", "content_type": 6, "codename": "delete_shopuser"}}, {"model": "auth.permission", "pk": 24, "fields": {"name": "Can view user", "content_type": 6, "codename": "view_shopuser"}}, {"model": "auth.permission", "pk": 25, "fields": {"name": "Can add good", "content_type": 7, "codename": "add_good"}}, {"model": "auth.permission", "pk": 26, "fields": {"name": "Can change good", "content_type": 7, "codename": "change_good"}}, {"model": "auth.permission", "pk": 27, "fields": {"name": "Can delete good", "content_type": 7, "codename": "delete_good"}}, {"model": "auth.permission", "pk": 28, "fields": {"name": "Can view good", "content_type": 7, "codename": "view_good"}}, {"model": "auth.permission", "pk": 29, "fields": {"name": "Can add purchase", "content_type": 8, "codename": "add_purchase"}}, {"model": "auth.permission", "pk": 30, "fields": {"name": "Can change purchase", "content_type": 8, "codename": "change_purchase"}}, {"model": "auth.permission", "pk": 31, "fields": {"name": "Can delete purchase", "content_type": 8, "codename": "delete_purchase"}}, {"model": "auth.permission", "pk": 32, "fields": {"name": "Can view purchase", "content_type": 8, "codename": "view_purchase"}}, {"model": "auth.permission", "pk": 33, "fields": {"name": "Can add refund", "content_type": 9, "codename": "add_refund"}}, {"model": "auth.permission", "pk": 34, "fields": {"name": "Can change refund", "content_type": 9, "codename": "change_refund"}}, {"model": "auth.permission", "pk": 35, "fields": {"name": "Can delete refund", "content_type": 9, "codename": "delete_refund"}}, {"model": "auth.permission", "pk": 36, "fields": {"name": "Can view refund", "content_type": 9, "codename": "view_refund"}}, {"model": "contenttypes.contenttype", "pk": 1, "fields": {"app_label": "admin", "model": "logentry"}}, {"model": "contenttypes.contenttype", "pk": 2, "fields": {"app_label": "auth", "model": "permission"}}, {"model": "contenttypes.contenttype", "pk": 3, "fields": {"app_label": "auth", "model": "group"}}, {"model": "contenttypes.contenttype", "pk": 4, "fields": {"app_label": "contenttypes", "model": "contenttype"}}, {"model": "contenttypes.contenttype", "pk": 5, "fields": {"app_label": "sessions", "model": "session"}}, {"model": "contenttypes.contenttype", "pk": 6, "fields": {"app_label": "ishop", "model": "shopuser"}}, {"model": "contenttypes.contenttype", "pk": 7, "fields": {"app_label": "ishop", "model": "good"}}, {"model": "contenttypes.contenttype", "pk": 8, "fields": {"app_label": "ishop", "model": "purchase"}}, {"model": "contenttypes.contenttype", "pk": 9, "fields": {"app_label": "ishop", "model": "refund"}}, {"model": "sessions.session", "pk": "deniimuwmoyq7inyvudgn3mdcog3fiyw", "fields": {"session_data": "e30:1o4xZ9:5ayGmFrgXU4BPesdxLKpOtr7fdKonTWaDFxqUwKz0cU", "expire_date": "2022-07-09T04:38:39.517Z"}}, {"model": "sessions.session", "pk": "en7ff46o7rxxhxin7ui6reaevxcz2fyk", "fields": {"session_data": ".eJxVjEEOwiAQRe_C2hCGDAVcuvcMZIYBqZo2Ke3KeHdt0oVu_3vvv1SibW1p62VJo6izgqBOvyNTfpRpJ3Kn6TbrPE_rMrLeFX3Qrq-zlOflcP8OGvX2rQ0AuAIW0Q01kC2V2JGPEJHEgos1ovM1ZJMt5sLWDJ6ZUYJ4wUDq_QHzAzgF:1o5BQG:Ci3yaVlld78jofKW-7Lw37IMyHrMr1wX3cDJKuCJiTk", "expire_date": "2022-07-09T19:26:24.354Z"}}, {"model": "sessions.session", "pk": "n3yt5xifidbm4lesm57firb6n4o3ieyx", "fields": {"session_data": ".eJxVjMsOgjAQRf-la9PQaaXFpXu-gUznIagpCYWV8d-VhIVu7znnvsyA2zoOW5VlmNhcDIA5_Y4Z6SFlJ3zHcpstzWVdpmx3xR602n5meV4P9-9gxDp-a5WkqaHEDUDHEFD03Cqiuuwjk_gUg4QoLbNjD00KXjufWkcSlRyZ9wcqqjjU:1o5PYo:ifE1NhH_46PVAvwqP9yZC7-9cN2Tts7h2NOFLa_KM8E", "expire_date": "2022-07-10T10:32:10.151Z"}}, {"model": "sessions.session", "pk": "z4r4wnyuiuppzlnfsl0mz6hh3u1an41c", "fields": {"session_data": "e30:1o4xdt:sre6xenDYfedvoaGEM3auiWyB8Pi1TFiROkG_ds6JZQ", "expire_date": "2022-07-09T04:43:33.197Z"}}, {"model": "ishop.shopuser", "pk": 2, "fields": {"password": "pbkdf2_sha256$320000$ibQf2ycgYBh5dRu6xNcaj3$Ic5fZNc8eXpxB8L/Xv45waPNKttHtKYQTBt5bo88LOY=", "last_login": "2022-06-26T10:19:09.250Z", "is_superuser": true, "username": "dimon", "first_name": "", "last_name": "", "is_staff": true, "is_active": true, "date_joined": "2022-06-20T15:26:06Z", "email": "dimon@i.ua", "wallet": 0, "groups": [], "user_permissions": []}}, {"model": "ishop.shopuser", "pk": 5, "fields": {"password": "pbkdf2_sha256$320000$YwOZhBAbyRrLNkI3gFPsUz$Sc4tCvLI9EC27mb7ayZasCX1VcICB0aDrfg2w6OEvEs=", "last_login": "2022-06-26T08:25:20.567Z", "is_superuser": false, "username": "dimon2@i.ua", "first_name": "", "last_name": "", "is_staff": false, "is_active": true, "date_joined": "2022-06-24T12:24:01.176Z", "email": "dimon2@i.ua", "wallet": 857, "groups": [], "user_permissions": []}}, {"model": "ishop.shopuser", "pk": 9, "fields": {"password": "pbkdf2_sha256$320000$ikcZeRDsBKO2xHtOmmz3R3$C7NByJiwnwmuHlHlHYHQnSjU+YL8XPjZ7H4C/yH4HUE=", "last_login": "2022-06-25T15:22:03.956Z", "is_superuser": false, "username": "dimon3@i.ua", "first_name": "", "last_name": "", "is_staff": false, "is_active": true, "date_joined": "2022-06-24T12:31:28.673Z", "email": "dimon3@i.ua", "wallet": 950, "groups": [], "user_permissions": []}}, {"model": "ishop.shopuser", "pk": 11, "fields": {"password": "pbkdf2_sha256$320000$YUO41qQ1M4z3BG34in9zEV$hjZ2DlV0Fpvr7emSh3sRKU01kEUW2L6mYi4j5nhWRwE=", "last_login": "2022-06-24T12:48:02.317Z", "is_superuser": false, "username": "dimon5@i.ua", "first_name": "", "last_name": "", "is_staff": false, "is_active": true, "date_joined": "2022-06-24T12:48:02.106Z", "email": "dimon5@i.ua", "wallet": 1000, "groups": [], "user_permissions": []}}, {"model": "ishop.shopuser", "pk": 12, "fields": {"password": "pbkdf2_sha256$320000$BNUdu1ctW6qanOiUTj9rs9$MZqt7ZHrOlXvZeK+iViKXxGgg4GDUDgvKDm3b8eNNRY=", "last_login": "2022-06-24T13:02:27.439Z", "is_superuser": false, "username": "dimon6@i.ua", "first_name": "", "last_name": "", "is_staff": false, "is_active": true, "date_joined": "2022-06-24T13:02:27.216Z", "email": "dimon6@i.ua", "wallet": 864, "groups": [], "user_permissions": []}}, {"model": "ishop.shopuser", "pk": 13, "fields": {"password": "pbkdf2_sha256$320000$g6KmVHIce5GKFCAxUKOdy5$zwHrlomcLhWFvgQltyNcK0lOMZ1Y97fzZKsVwwB3kAg=", "last_login": "2022-06-25T04:40:06.894Z", "is_superuser": false, "username": "dimon10@i.ua", "first_name": "", "last_name": "", "is_staff": false, "is_active": true, "date_joined": "2022-06-25T04:40:06.658Z", "email": "dimon10@i.ua", "wallet": 1000, "groups": [], "user_permissions": []}}, {"model": "ishop.shopuser", "pk": 14, "fields": {"password": "pbkdf2_sha256$320000$qZlvO6LXtlLVminbZOOqdr$z4FW+S5f8LpBW10yYj2E2QfAY4drKw+u0YdgnJeLaws=", "last_login": "2022-06-25T04:45:15.050Z", "is_superuser": false, "username": "dimon9@i.ua", "first_name": "", "last_name": "", "is_staff": false, "is_active": true, "date_joined": "2022-06-25T04:45:14.861Z", "email": "dimon9@i.ua", "wallet": 1000, "groups": [], "user_permissions": []}}, {"model": "ishop.shopuser", "pk": 15, "fields": {"password": "pbkdf2_sha256$320000$TXH3d5HxDBl1A6maHydIIA$czoPn8ygAIc6LbMBLEOmPyea7r/Vwscm8+hcoLdV8wI=", "last_login": "2022-06-25T04:45:53.271Z", "is_superuser": false, "username": "dimon11@i.ua", "first_name": "", "last_name": "", "is_staff": false, "is_active": true, "date_joined": "2022-06-25T04:45:53.088Z", "email": "dimon11@i.ua", "wallet": 1000, "groups": [], "user_permissions": []}}, {"model": "ishop.shopuser", "pk": 16, "fields": {"password": "pbkdf2_sha256$320000$LIvBTkqVXH6ERaHFL0jYOv$V1PVwvfxjiwGkzOXVj3gHBNy8FnCb0mAPqwI7MOSOG0=", "last_login": "2022-06-25T04:46:40.248Z", "is_superuser": false, "username": "dimon12@i.ua", "first_name": "", "last_name": "", "is_staff": false, "is_active": true, "date_joined": "2022-06-25T04:46:40.063Z", "email": "dimon12@i.ua", "wallet": 1000, "groups": [], "user_permissions": []}}, {"model": "ishop.shopuser", "pk": 17, "fields": {"password": "pbkdf2_sha256$320000$FvV16ic4pmne76JJOQAneW$Xo0HyMnzAjcBTS6vm7/o/6t6hUFRCWE/rRrMy/VDXtU=", "last_login": "2022-06-25T04:58:08.972Z", "is_superuser": false, "username": "dimon30@i.ua", "first_name": "", "last_name": "", "is_staff": false, "is_active": true, "date_joined": "2022-06-25T04:58:08.789Z", "email": "dimon30@i.ua", "wallet": 986, "groups": [], "user_permissions": []}}, {"model": "ishop.shopuser", "pk": 18, "fields": {"password": "pbkdf2_sha256$320000$IJm3ggHxic2rDdYKn4VOTg$XGHUk9KUkihqcEfvyU5GteCWwCL5AOABowLbRu7gSl8=", "last_login": "2022-06-25T19:26:24.343Z", "is_superuser": false, "username": "dimon100@gmail.com", "first_name": "", "last_name": "", "is_staff": false, "is_active": true, "date_joined": "2022-06-25T19:26:24.158Z", "email": "dimon100@gmail.com", "wallet": 991, "groups": [], "user_permissions": []}}, {"model": "ishop.shopuser", "pk": 21, "fields": {"password": "pbkdf2_sha256$320000$pJ0K1YVqn2VanaeGl6n05L$76EELBsKUizxS8dqcqArwTkdVsPBrgQguWTLnfncpKM=", "last_login": "2022-06-26T10:31:32.452Z", "is_superuser": true, "username": "d", "first_name": "", "last_name": "", "is_staff": true, "is_active": true, "date_joined": "2022-06-26T10:30:50.869Z", "email": "d@gmail.com", "wallet": 0, "groups": [], "user_permissions": []}}, {"model": "ishop.shopuser", "pk": 22, "fields": {"password": "pbkdf2_sha256$320000$MWdn8K2EzWeuCa8dMtlkHQ$E3YnuQEwuw3NhpH9CNeuhloj+YVi12NXErKWfZYoX9Y=", "last_login": "2022-06-26T10:32:10.139Z", "is_superuser": false, "username": "dimon101@i.ua", "first_name": "", "last_name": "", "is_staff": false, "is_active": true, "date_joined": "2022-06-26T10:32:09.935Z", "email": "dimon101@i.ua", "wallet": 963, "groups": [], "user_permissions": []}}, {"model": "ishop.good", "pk": 1, "fields": {"title": "Milk 3.5% 1l", "description": "burenka", "price": 8, "image": "img/1.jpeg", "in_stock": 17}}, {"model": "ishop.good", "pk": 2, "fields": {"title": "Beer BUDWISER 0.6l", "description": "tasty so much", "price": 8, "image": "img/2.jpeg", "in_stock": 13}}, {"model": "ishop.good", "pk": 3, "fields": {"title": "Crisps Pringles", "description": "bacon", "price": 6, "image": "", "in_stock": 97}}, {"model": "ishop.good", "pk": 4, "fields": {"title": "Fizzy water 1.5l", "description": "orange", "price": 4, "image": "", "in_stock": 27}}, {"model": "ishop.good", "pk": 5, "fields": {"title": "Fizzy water 0.5l", "description": "watermelon", "price": 4, "image": "", "in_stock": 32}}, {"model": "ishop.good", "pk": 6, "fields": {"title": "Tuna 300g", "description": "in olive oil", "price": 7, "image": "", "in_stock": 81}}, {"model": "ishop.good", "pk": 7, "fields": {"title": "Sanflower oil 2l", "description": "ukrainian oil best quality", "price": 6, "image": "img/7.jpeg", "in_stock": 28}}, {"model": "ishop.good", "pk": 8, "fields": {"title": "Olive oil 2l", "description": "oil best quality", "price": 9, "image": "img/8.jpeg", "in_stock": 1}}, {"model": "ishop.good", "pk": 9, "fields": {"title": "Red wine 0.75l", "description": "dry, 7% alcohol", "price": 14, "image": "img/9.jpeg", "in_stock": 28}}, {"model": "ishop.good", "pk": 10, "fields": {"title": "Rice 1 kg", "description": "parboiled", "price": 5, "image": "img/10.jpeg", "in_stock": 4}}, {"model": "ishop.purchase", "pk": 19, "fields": {"customer": 2, "good": 2, "quantity": 10, "price": 8, "datetime": "2022-06-21T15:18:10.639Z"}}, {"model": "ishop.purchase", "pk": 20, "fields": {"customer": 2, "good": 2, "quantity": 1, "price": 8, "datetime": "2022-06-21T15:19:45.735Z"}}, {"model": "ishop.purchase", "pk": 21, "fields": {"customer": 2, "good": 2, "quantity": 1, "price": 8, "datetime": "2022-06-21T15:19:50.290Z"}}, {"model": "ishop.purchase", "pk": 22, "fields": {"customer": 2, "good": 4, "quantity": 1, "price": 4, "datetime": "2022-06-21T16:06:27.458Z"}}, {"model": "ishop.purchase", "pk": 23, "fields": {"customer": 2, "good": 2, "quantity": 5, "price": 8, "datetime": "2022-06-21T16:07:35.588Z"}}, {"model": "ishop.purchase", "pk": 24, "fields": {"customer": 2, "good": 1, "quantity": 5, "price": 8, "datetime": "2022-06-21T16:07:58.443Z"}}, {"model": "ishop.purchase", "pk": 25, "fields": {"customer": 2, "good": 3, "quantity": 1, "price": 6, "datetime": "2022-06-21T16:08:41.830Z"}}, {"model": "ishop.purchase", "pk": 26, "fields": {"customer": 2, "good": 6, "quantity": 3, "price": 7, "datetime": "2022-06-21T18:11:26.444Z"}}, {"model": "ishop.purchase", "pk": 27, "fields": {"customer": 2, "good": 3, "quantity": 2, "price": 6, "datetime": "2022-06-21T18:15:25.024Z"}}, {"model": "ishop.purchase", "pk": 28, "fields": {"customer": 2, "good": 1, "quantity": 3, "price": 8, "datetime": "2022-06-21T19:17:11.350Z"}}, {"model": "ishop.purchase", "pk": 29, "fields": {"customer": 2, "good": 2, "quantity": 1, "price": 8, "datetime": "2022-06-22T05:47:02.794Z"}}, {"model": "ishop.purchase", "pk": 30, "fields": {"customer": 2, "good": 3, "quantity": 1, "price": 6, "datetime": "2022-06-22T05:58:13.088Z"}}, {"model": "ishop.purchase", "pk": 31, "fields": {"customer": 2, "good": 5, "quantity": 5, "price": 3, "datetime": "2022-06-22T06:01:56.003Z"}}, {"model": "ishop.purchase", "pk": 32, "fields": {"customer": 2, "good": 6, "quantity": 10, "price": 7, "datetime": "2022-06-22T12:06:10.362Z"}}, {"model": "ishop.purchase", "pk": 33, "fields": {"customer": 2, "good": 6, "quantity": 1, "price": 7, "datetime": "2022-06-22T12:10:53.571Z"}}, {"model": "ishop.purchase", "pk": 34, "fields": {"customer": 2, "good": 4, "quantity": 1, "price": 4, "datetime": "2022-06-22T12:22:24.101Z"}}, {"model": "ishop.purchase", "pk": 35, "fields": {"customer": 2, "good": 5, "quantity": 1, "price": 3, "datetime": "2022-06-22T12:31:42.391Z"}}, {"model": "ishop.purchase", "pk": 36, "fields": {"customer": 2, "good": 5, "quantity": 1, "price": 3, "datetime": "2022-06-22T12:36:15.288Z"}}, {"model": "ishop.purchase", "pk": 37, "fields": {"customer": 2, "good": 1, "quantity": 5, "price": 8, "datetime": "2022-06-22T12:39:35.189Z"}}, {"model": "ishop.purchase", "pk": 38, "fields": {"customer": 2, "good": 3, "quantity": 5, "price": 6, "datetime": "2022-06-22T14:02:42.409Z"}}, {"model": "ishop.purchase", "pk": 39, "fields": {"customer": 2, "good": 2, "quantity": 1, "price": 8, "datetime": "2022-06-22T15:24:40.730Z"}}, {"model": "ishop.purchase", "pk": 40, "fields": {"customer": 2, "good": 1, "quantity": 1, "price": 8, "datetime": "2022-06-22T15:26:28.986Z"}}, {"model": "ishop.purchase", "pk": 41, "fields": {"customer": 2, "good": 1, "quantity": 1, "price": 8, "datetime": "2022-06-23T05:46:02.674Z"}}, {"model": "ishop.purchase", "pk": 42, "fields": {"customer": 2, "good": 1, "quantity": 3, "price": 8, "datetime": "2022-06-23T05:55:43.067Z"}}, {"model": "ishop.purchase", "pk": 43, "fields": {"customer": 2, "good": 2, "quantity": 1, "price": 8, "datetime": "2022-06-23T07:15:05.090Z"}}, {"model": "ishop.purchase", "pk": 44, "fields": {"customer": 2, "good": 3, "quantity": 4, "price": 6, "datetime": "2022-06-23T07:29:28.112Z"}}, {"model": "ishop.purchase", "pk": 45, "fields": {"customer": 2, "good": 6, "quantity": 3, "price": 7, "datetime": "2022-06-23T07:35:07.965Z"}}, {"model": "ishop.purchase", "pk": 46, "fields": {"customer": 2, "good": 2, "quantity": 5, "price": 8, "datetime": "2022-06-23T11:04:04.633Z"}}, {"model": "ishop.purchase", "pk": 47, "fields": {"customer": 2, "good": 2, "quantity": 5, "price": 8, "datetime": "2022-06-23T11:05:02.753Z"}}, {"model": "ishop.purchase", "pk": 50, "fields": {"customer": 2, "good": 7, "quantity": 1, "price": 6, "datetime": "2022-06-23T16:48:15.379Z"}}, {"model": "ishop.purchase", "pk": 51, "fields": {"customer": 2, "good": 8, "quantity": 1, "price": 9, "datetime": "2022-06-23T18:40:27.998Z"}}, {"model": "ishop.purchase", "pk": 52, "fields": {"customer": 5, "good": 8, "quantity": 1, "price": 9, "datetime": "2022-06-24T12:24:38.366Z"}}, {"model": "ishop.purchase", "pk": 53, "fields": {"customer": 5, "good": 7, "quantity": 1, "price": 6, "datetime": "2022-06-24T12:24:44.166Z"}}, {"model": "ishop.purchase", "pk": 56, "fields": {"customer": 12, "good": 9, "quantity": 3, "price": 14, "datetime": "2022-06-24T13:10:04.771Z"}}, {"model": "ishop.purchase", "pk": 57, "fields": {"customer": 12, "good": 9, "quantity": 1, "price": 14, "datetime": "2022-06-24T13:10:38.915Z"}}, {"model": "ishop.purchase", "pk": 58, "fields": {"customer": 12, "good": 9, "quantity": 1, "price": 14, "datetime": "2022-06-24T15:30:42.576Z"}}, {"model": "ishop.purchase", "pk": 59, "fields": {"customer": 12, "good": 9, "quantity": 1, "price": 14, "datetime": "2022-06-24T15:33:01.201Z"}}, {"model": "ishop.purchase", "pk": 60, "fields": {"customer": 12, "good": 7, "quantity": 6, "price": 6, "datetime": "2022-06-24T15:34:05.138Z"}}, {"model": "ishop.purchase", "pk": 61, "fields": {"customer": 12, "good": 7, "quantity": 1, "price": 6, "datetime": "2022-06-24T15:34:15.625Z"}}, {"model": "ishop.purchase", "pk": 62, "fields": {"customer": 12, "good": 10, "quantity": 2, "price": 5, "datetime": "2022-06-24T15:40:23.999Z"}}, {"model": "ishop.purchase", "pk": 63, "fields": {"customer": 17, "good": 9, "quantity": 1, "price": 14, "datetime": "2022-06-25T05:05:38.797Z"}}, {"model": "ishop.purchase", "pk": 65, "fields": {"customer": 5, "good": 9, "quantity": 1, "price": 14, "datetime": "2022-06-25T13:07:27.730Z"}}, {"model": "ishop.purchase", "pk": 66, "fields": {"customer": 5, "good": 5, "quantity": 1, "price": 4, "datetime": "2022-06-25T14:57:55.017Z"}}, {"model": "ishop.purchase", "pk": 67, "fields": {"customer": 5, "good": 5, "quantity": 1, "price": 4, "datetime": "2022-06-25T14:59:22.427Z"}}, {"model": "ishop.purchase", "pk": 68, "fields": {"customer": 5, "good": 6, "quantity": 5, "price": 7, "datetime": "2022-06-25T15:00:55.644Z"}}, {"model": "ishop.purchase", "pk": 71, "fields": {"customer": 9, "good": 8, "quantity": 1, "price": 9, "datetime": "2022-06-25T15:35:25.780Z"}}, {"model": "ishop.purchase", "pk": 72, "fields": {"customer": 9, "good": 2, "quantity": 1, "price": 8, "datetime": "2022-06-25T15:56:26.170Z"}}, {"model": "ishop.purchase", "pk": 73, "fields": {"customer": 9, "good": 4, "quantity": 3, "price": 4, "datetime": "2022-06-25T18:26:07.095Z"}}, {"model": "ishop.purchase", "pk": 74, "fields": {"customer": 9, "good": 1, "quantity": 2, "price": 8, "datetime": "2022-06-25T18:32:43.485Z"}}, {"model": "ishop.purchase", "pk": 76, "fields": {"customer": 9, "good": 10, "quantity": 1, "price": 5, "datetime": "2022-06-25T18:51:57.392Z"}}, {"model": "ishop.purchase", "pk": 79, "fields": {"customer": 18, "good": 8, "quantity": 1, "price": 9, "datetime": "2022-06-25T19:27:01.246Z"}}, {"model": "ishop.purchase", "pk": 80, "fields": {"customer": 5, "good": 8, "quantity": 1, "price": 9, "datetime": "2022-06-26T07:20:07.912Z"}}, {"model": "ishop.purchase", "pk": 81, "fields": {"customer": 5, "good": 8, "quantity": 1, "price": 9, "datetime": "2022-06-26T07:20:54.916Z"}}, {"model": "ishop.purchase", "pk": 82, "fields": {"customer": 5, "good": 10, "quantity": 1, "price": 5, "datetime": "2022-06-26T08:46:20.303Z"}}, {"model": "ishop.purchase", "pk": 83, "fields": {"customer": 5, "good": 7, "quantity": 2, "price": 6, "datetime": "2022-06-26T08:46:29.732Z"}}, {"model": "ishop.purchase", "pk": 85, "fields": {"customer": 5, "good": 10, "quantity": 2, "price": 5, "datetime": "2022-06-26T09:31:39.662Z"}}, {"model": "ishop.purchase", "pk": 86, "fields": {"customer": 5, "good": 3, "quantity": 3, "price": 6, "datetime": "2022-06-26T09:35:24.885Z"}}, {"model": "ishop.purchase", "pk": 87, "fields": {"customer": 5, "good": 1, "quantity": 1, "price": 8, "datetime": "2022-06-26T10:15:50.286Z"}}, {"model": "ishop.purchase", "pk": 88, "fields": {"customer": 22, "good": 8, "quantity": 1, "price": 9, "datetime": "2022-06-26T10:32:18.703Z"}}, {"model": "ishop.purchase", "pk": 89, "fields": {"customer": 22, "good": 9, "quantity": 2, "price": 14, "datetime": "2022-06-26T13:11:56.179Z"}}]